event_name,research_prompt,image_prompt,image_generated,saved_filename
apuleius-golden-ass,"Search the web for reference artworks and historical records of ""Apuleius Writes The Golden Ass"" (170). Study the second-century Roman North African dress, household interiors, oil lamps and Roman-era depictions of magic of this period.","A dramatic chiaroscuro oil painting. 1:1 square composition optimized for small screen viewing. One dominant focal subject filling most of the frame. Strong silhouettes, high contrast. Apuleius Writes The Golden Ass — Apuleius wrote the only complete surviving Latin novel, a comic tale of magical transformation. A startled young man in a tunic mid-transformation into a donkey, long ears and hooves sprouting, beside a toppled clay ointment jar in a lamplit Roman bedchamber. No text, no dates, no numbers, no labels, no borders, no watermarks.",,
antioch-crusader-conflicts,"Search the web for reference artworks and historical records of ""Crusaders Capture Antioch"" (1098). Study the First Crusade armour, mail hauberks, nasal helmets and kite shields, and the Byzantine stone-and-brick walls and towers of Antioch of this period.","A dramatic chiaroscuro oil painting. 1:1 square composition optimized for small screen viewing. One dominant focal subject filling most of the frame. Strong silhouettes, high contrast. Crusaders Capture Antioch — Crusaders captured Antioch after a grueling siege, establishing one of the major Crusader states. Crusaders in mail hauberks and nasal helmets climb a wooden scaling ladder up a massive stone tower of Antioch by torchlight, a robed defender at the battlements leaning down to haul them in. No text, no dates, no numbers, no labels, no borders, no watermarks.",,
crossbow-adoption-medieval,"Search the web for reference artworks and historical records of ""Crossbow Spreads in Europe"" (1100). Study the Norman-era mail armour, conical nasal helmets and early crossbow construction of this period.","A dramatic chiaroscuro oil painting. 1:1 square composition optimized for small screen viewing. One dominant focal subject filling most of the frame. Strong silhouettes, high contrast. Crossbow Spreads in Europe — The crossbow became widespread in European warfare, allowing untrained soldiers to pierce heavy armor. A crossbowman in a mail hauberk and conical nasal helmet, one foot braced in the stirrup of a wooden crossbow, hauling the cord back with both hands as a mailed knight charges behind. No text, no dates, no numbers, no labels, no borders, no watermarks.",,
medieval-jousting-tournaments,"Search the web for reference artworks and historical records of ""Knights Joust in Tournaments"" (1100). Study the early twelfth-century Norman knightly armour, mail hauberks, nasal helmets, kite shields and warhorse tack of this period.","A dramatic chiaroscuro oil painting. 1:1 square composition optimized for small screen viewing. One dominant focal subject filling most of the frame. Strong silhouettes, high contrast. Knights Joust in Tournaments — European knights competed in jousting tournaments, charging on horseback with lances to unseat their rivals. Two mounted knights in mail hauberks and conical nasal helmets collide on an open meadow, couched ash lances splintering on plain kite shields as one rider is lifted from his saddle. No text, no dates, no numbers, no labels, no borders, no watermarks.",,
treaty-of-bretigny,"Search the web for reference artworks and historical records of ""Treaty of Brétigny"" (1360). Study the mid-fourteenth-century English and French noble dress, chancery sealing practice and Gothic halls of this period.","A dramatic chiaroscuro oil painting. 1:1 square composition optimized for small screen viewing. One dominant focal subject filling most of the frame. Strong silhouettes, high contrast. Treaty of Brétigny — England and France agreed to a temporary peace, with England gaining territory in exchange for renouncing claims to the French throne. Envoys in cotehardies and hooded chaperons around a candlelit oak table in a Gothic hall, one pressing a seal matrix into soft wax hanging on cords from a folded parchment. No text, no dates, no numbers, no labels, no borders, no watermarks.",,
wat-tyler-killed,"Search the web for reference artworks and historical records of ""Wat Tyler Killed at Smithfield"" (1381). Study the medieval English dress, armor and marketplace architecture of this period.","A dramatic chiaroscuro oil painting. 1:1 square composition optimized for small screen viewing. One dominant focal subject filling most of the frame. Strong silhouettes, high contrast. Wat Tyler Killed at Smithfield — The leader of the English peasants' rising was struck down at a parley with the king, breaking the revolt. A dropped banner across cobblestones near a market stall, mounted figures wheeling away at a distance. No text, no dates, no numbers, no labels, no borders, no watermarks.",,
qhapaq-nan-expansion,"Search the web for reference artworks and historical records of ""Qhapaq Ñan Road Network Expanded"" (1450). Study the Inca road engineering, chasqui messenger dress, tambo waystations and grass-rope suspension bridges of this period.","A dramatic chiaroscuro oil painting. 1:1 square composition optimized for small screen viewing. One dominant focal subject filling most of the frame. Strong silhouettes, high contrast. Qhapaq Ñan Road Network Expanded — The Inca Empire expanded the Qhapaq Ñan road network to over 30,000 km across the Andes mountains. A chasqui runner in a woven unku tunic and sandals bounds up stone-paved Inca steps cut into a steep Andean slope, conch trumpet and knotted quipu cords at his belt, a grass-rope bridge spanning the gorge behind. No text, no dates, no numbers, no labels, no borders, no watermarks.",,
first-pharmacopoeia,"Search the web for reference artworks and historical records of ""First Official Pharmacopoeia"" (1546). Study the German Renaissance apothecary shops, burgher dress and early printed books of this period.","A dramatic chiaroscuro oil painting. 1:1 square composition optimized for small screen viewing. One dominant focal subject filling most of the frame. Strong silhouettes, high contrast. First Official Pharmacopoeia — Nuremberg published a standardized list of medicines and recipes for apothecaries to follow. A Nuremberg apothecary in a fur-trimmed gown consulting a thick new leather-bound printed volume at his counter, bronze mortar, brass balance and shelves of ceramic albarelli glowing behind him. No text, no dates, no numbers, no labels, no borders, no watermarks.",,
servetus-burned-at-stake,"Search the web for reference artworks and historical records of ""Servetus Burned at Stake"" (1553). Study the sixteenth-century Genevan dress, Reformation-era execution customs and the countryside outside Geneva of this period.","A dramatic chiaroscuro oil painting. 1:1 square composition optimized for small screen viewing. One dominant focal subject filling most of the frame. Strong silhouettes, high contrast. Servetus Burned at Stake — Michael Servetus was burned for heresy in Calvin's Geneva for denying the Trinity, showing Protestant intolerance of dissent. By daylight on a hillside outside Geneva, a clothed bearded man chained to a wooden stake amid bundles of unseasoned firewood, a book bound at his side, smoke rising before a sombre crowd. No text, no dates, no numbers, no labels, no borders, no watermarks.",,
scots-reformation-movement,"Search the web for reference artworks and historical records of ""Scottish Reformation Movement"" (1560). Study the Scottish Reformation clerical dress, Genevan preaching gowns, sixteenth-century kirk pulpits and Edinburgh church interiors of this period.","A dramatic chiaroscuro oil painting. 1:1 square composition optimized for small screen viewing. One dominant focal subject filling most of the frame. Strong silhouettes, high contrast. Scottish Reformation Movement — John Knox led Scotland's Protestant Reformation, establishing Presbyterianism as the national church. Long-bearded John Knox in a plain Genevan preaching gown and close skullcap thunders from a carved oak pulpit in a stone kirk, fist raised over an open Bible, candles lighting rapt townsfolk below. No text, no dates, no numbers, no labels, no borders, no watermarks.",,
stari-most-mostar,"Search the web for reference artworks and historical records of ""Stari Most Completed"" (1566). Study the Ottoman bridge architecture, sixteenth-century stonemasons' dress and building methods, and the Neretva gorge at Mostar of this period.","A dramatic chiaroscuro oil painting. 1:1 square composition optimized for small screen viewing. One dominant focal subject filling most of the frame. Strong silhouettes, high contrast. Stari Most Completed — Ottoman architect Mimar Hayruddin threw a single soaring stone arch across the Neretva gorge at Mostar. A single slender humpbacked arch of cut limestone leaping across the steep Neretva gorge, turbaned Ottoman masons lowering the last keystone from timber scaffolding high above the rushing river. No text, no dates, no numbers, no labels, no borders, no watermarks.",,
tea-ceremony-codification,"Search the web for reference artworks and historical records of ""Japanese Tea Ceremony Codified"" (1580). Study the Momoyama-period tea-master dress, rustic thatched tea huts and raku ware of this period.","A dramatic chiaroscuro oil painting. 1:1 square composition optimized for small screen viewing. One dominant focal subject filling most of the frame. Strong silhouettes, high contrast. Japanese Tea Ceremony Codified — Sen no Rikyu codified the Japanese tea ceremony, emphasizing wabi-sabi aesthetics of simplicity and mindfulness. Sen no Rikyu in a plain monk's robe and soft cap kneeling on tatami in a tiny two-mat tea room, whisking tea in a rough raku bowl beside an iron kettle on a sunken hearth. No text, no dates, no numbers, no labels, no borders, no watermarks.",,
sulfuric-acid-production,"Search the web for reference artworks and historical records of ""Sulfuric Acid Production Method"" (1600). Study the European alchemical laboratory furnishings, glass retorts, brick athanor furnaces and scholar's dress around 1600 of this period.","A dramatic chiaroscuro oil painting. 1:1 square composition optimized for small screen viewing. One dominant focal subject filling most of the frame. Strong silhouettes, high contrast. Sulfuric Acid Production Method — Alchemists distilled small batches of oil of vitriol, the forerunner of sulfuric acid, a key industrial chemical for centuries to come. A bearded alchemist in a fur-trimmed gown and linen cap bends over a glass retort set in a brick furnace, roasted vitriol crystals glowing within, heavy oily drops falling into a glass receiver. No text, no dates, no numbers, no labels, no borders, no watermarks.",,
telescope-invention,"Search the web for reference artworks and historical records of ""Telescope Invented"" (1608). Study the Dutch Republic artisan dress, spectacle-makers' workshops and lens-grinding tools of this period.","A dramatic chiaroscuro oil painting. 1:1 square composition optimized for small screen viewing. One dominant focal subject filling most of the frame. Strong silhouettes, high contrast. Telescope Invented — Dutch spectacle maker Hans Lippershey applied for the first telescope patent, sparking a revolution in astronomy. A Middelburg spectacle maker in doublet and small ruff at his workshop window, raising a plain single leather-covered tube to his eye toward a distant church spire, lenses and grinding tools scattered on the bench. No text, no dates, no numbers, no labels, no borders, no watermarks.",,
pascal-probability-theory,"Search the web for reference artworks and historical records of ""Pascal Develops Probability Theory"" (1654). Study the seventeenth-century French gentlemen's dress, candlelit study interiors, quill letters and gaming dice of this period.","A dramatic chiaroscuro oil painting. 1:1 square composition optimized for small screen viewing. One dominant focal subject filling most of the frame. Strong silhouettes, high contrast. Pascal Develops Probability Theory — Blaise Pascal and Pierre de Fermat exchanged letters founding probability theory through the problem of points. A young Pascal in a doublet and linen falling collar at a candlelit desk, quill poised over a folded letter, two bone dice and the coins of an interrupted wager beside it. No text, no dates, no numbers, no labels, no borders, no watermarks.",,
paris-salon-culture,"Search the web for reference artworks and historical records of ""Parisian Salon Culture"" (1715). Study the Régence court dress, carved oak-panelled drawing rooms and candlelit Parisian interiors of this period.","A dramatic chiaroscuro oil painting. 1:1 square composition optimized for small screen viewing. One dominant focal subject filling most of the frame. Strong silhouettes, high contrast. Parisian Salon Culture — Parisian salons hosted by elite women became vital centers of Enlightenment intellectual and literary exchange. An elderly hostess in a loose silk robe volante presiding from an armchair as periwigged gentlemen in long coats lean in to debate, candles and leather-bound books on the table between them. No text, no dates, no numbers, no labels, no borders, no watermarks.",,
birth-napoleon,"Search the web for reference artworks and historical records of ""Birth of Napoleon"" (1769). Study the Napoleonic French army uniforms, the Emperor's plain bicorne and grey greatcoat, and early nineteenth-century battlefields of this period.","A dramatic chiaroscuro oil painting. 1:1 square composition optimized for small screen viewing. One dominant focal subject filling most of the frame. Strong silhouettes, high contrast. Birth of Napoleon — Napoleon Bonaparte was born in Corsica, one year after France acquired the island from Genoa. Not a birth or infancy scene but the man in his years of power: Napoleon as emperor in his plain bicorne and greatcoat stands on a hilltop, hand tucked into his waistcoat, gazing over battlefield cannon smoke while plumed marshals wait on horseback behind him. No text, no dates, no numbers, no labels, no borders, no watermarks.",,
virchow-cellular-pathology,"Search the web for reference artworks and historical records of ""Virchow's Cellular Pathology"" (1858). Study the mid-nineteenth-century German professorial dress, brass laboratory microscopes and pathology institute interiors of this period.","A dramatic chiaroscuro oil painting. 1:1 square composition optimized for small screen viewing. One dominant focal subject filling most of the frame. Strong silhouettes, high contrast. Virchow's Cellular Pathology — Rudolf Virchow published Cellular Pathology, establishing that all diseases arise from changes in normal cells. A bearded professor in a wool frock coat bending over a brass monocular microscope in a Berlin pathology lecture room, glass slides, specimen jars and students crowding close behind. No text, no dates, no numbers, no labels, no borders, no watermarks.",,
birth-richard-nixon,"Search the web for reference artworks and historical records of ""Birth of Richard Nixon"" (1913). Study the 1970s American and Chinese state dress, Cold War airport ceremony and winter Beijing of this period.","A dramatic chiaroscuro oil painting. 1:1 square composition optimized for small screen viewing. One dominant focal subject filling most of the frame. Strong silhouettes, high contrast. Birth of Richard Nixon — The 37th US president who opened relations with China and resigned over the Watergate scandal. Not a birth or infancy scene but the man in his years of power: Richard Nixon in a heavy overcoat stepping off the bottom of an aircraft stairway on a cold winter tarmac to clasp hands with Zhou Enlai in a Mao suit and overcoat. No text, no dates, no numbers, no labels, no borders, no watermarks.",,
jackie-robinson-mlb-debut,"Search the web for reference artworks and historical records of ""Jackie Robinson Breaks Barrier"" (1947). Study the 1947 Brooklyn Dodgers home flannel uniforms, Ebbets Field brick and grandstand architecture, and 1940s ballpark crowds of this period.","A dramatic chiaroscuro oil painting. 1:1 square composition optimized for small screen viewing. One dominant focal subject filling most of the frame. Strong silhouettes, high contrast. Jackie Robinson Breaks Barrier — Jackie Robinson debuted for the Brooklyn Dodgers, breaking Major League Baseball's racial color line. Jackie Robinson in plain Brooklyn Dodgers home flannels and cap stretches from first base for a throw, mitt outstretched, packed Ebbets Field grandstands of fedora-wearing fans rising behind him. No text, no dates, no numbers, no labels, no borders, no watermarks.",,
tv-remote-control,"Search the web for reference artworks and historical records of ""Wireless TV Remote Control"" (1955). Study the 1950s American living rooms, Zenith console televisions and the Flash-Matic handset's ray-gun styling of this period.","A dramatic chiaroscuro oil painting. 1:1 square composition optimized for small screen viewing. One dominant focal subject filling most of the frame. Strong silhouettes, high contrast. Wireless TV Remote Control — Zenith introduced the Flash-Matic, the first wireless television remote control. A man in a cardigan in an armchair aiming a chunky, toy-like plastic science-fiction ray-gun with a flashlight barrel at a corner of a wooden console television, a beam of light crossing the room. No text, no dates, no numbers, no labels, no borders, no watermarks.",,
ns-lenin-enters-service,"Search the web for reference artworks and historical records of ""NS Lenin Enters Service"" (1959). Study the Soviet nuclear icebreaker construction and Arctic shipping of this period.","A dramatic chiaroscuro oil painting. 1:1 square composition optimized for small screen viewing. One dominant focal subject filling most of the frame. Strong silhouettes, high contrast. NS Lenin Enters Service — The Soviet Union commissioned Lenin, the first nuclear powered surface ship, an icebreaker built to keep Arctic shipping lanes open year round. A massive steel-hulled nuclear icebreaker crushing through thick pack ice, its bow riding up onto the broken floes. No text, no dates, no numbers, no labels, no borders, no watermarks.",,
world-food-programme-founded,"Search the web for reference artworks and historical records of ""World Food Programme Founded"" (1961). Study the early 1960s United Nations offices, dress and food-aid shipping crates of this period.","A dramatic chiaroscuro oil painting. 1:1 square composition optimized for small screen viewing. One dominant focal subject filling most of the frame. Strong silhouettes, high contrast. World Food Programme Founded — The United Nations created a dedicated agency to deliver emergency food aid, now the world's largest hunger relief operation. Warehouse workers stacking crates stenciled with a wheat-sheaf emblem onto a truck bound for a waiting cargo plane. No text, no dates, no numbers, no labels, no borders, no watermarks.",,
human-genome-project,"Search the web for reference artworks and historical records of ""Human Genome Project Begins"" (1990). Study the early-1990s molecular biology laboratories, slab-gel DNA sequencing machines, desktop computer workstations and lab dress of this period.","A dramatic chiaroscuro oil painting. 1:1 square composition optimized for small screen viewing. One dominant focal subject filling most of the frame. Strong silhouettes, high contrast. Human Genome Project Begins — Scientists began the massive effort to map all human genes. A lab-coated scientist loading samples with a multichannel pipette into a tall glass gel plate on a boxy automated DNA sequencer, a bulky CRT monitor beside it glowing with jagged trace peaks. No text, no dates, no numbers, no labels, no borders, no watermarks.",,
ripken-breaks-iron-man-record-1995,"Search the web for reference artworks and historical records of ""Ripken Breaks Iron Man Record"" (1995). Study the 1995 Baltimore Orioles home uniforms, Camden Yards architecture and its brick warehouse of this period.","A dramatic chiaroscuro oil painting. 1:1 square composition optimized for small screen viewing. One dominant focal subject filling most of the frame. Strong silhouettes, high contrast. Ripken Breaks Iron Man Record — Cal Ripken Jr. played his 2,131st consecutive game, breaking Lou Gehrig's long-standing durability record. Cal Ripken Jr. in the Orioles home uniform jogging the warning track at night, leaning over the low wall to slap outstretched fans' hands, balloons rising and the long brick warehouse beyond. No text, no dates, no numbers, no labels, no borders, no watermarks.",,
statue-unity,"Search the web for reference artworks and historical records of ""Statue of Unity Unveiled"" (2018). Study the Statue of Unity sculptural form, bronze cladding, river-island base and Narmada valley setting of this period.","A dramatic chiaroscuro oil painting. 1:1 square composition optimized for small screen viewing. One dominant focal subject filling most of the frame. Strong silhouettes, high contrast. Statue of Unity Unveiled — India unveiled the world's tallest statue, honoring Sardar Patel. Seen from the river, the colossal bronze-clad figure of Sardar Patel in dhoti and draped shawl strides atop a tiered base on a river island, crowds tiny as specks at its sandalled feet. No text, no dates, no numbers, no labels, no borders, no watermarks.",,
